id,e1,e5,d1a,d1b,d2a,d2b,d3,d4,d5,d6a,d6b,d6c,d7a,d7b,d7c,d8,d9,s1a,s1b,s2a,s2b,s3,s4,s5,s6a,s6b,s6c,s7a,s7b,s7c,s8,s9
1,B,C,r2,r9,r1,r5,r2,r1,r2,r3,r1,r4,r9,r2,r2,r1,r2,1,0,0,0,1,1,0.5,0,1,1,0,0,1,1,0
2,B,C,r2,r2,r2,r5,r2,r1,r1,r7,r1,r4,r1,r9,r1,r3,r1,1,1,1,0,1,1,1,0,1,1,1,0,1,1,1
3,B,C,r3,r9,r4,r3,r2,r9,r0,r6,r4,r3,r9,r1,r1,r9,r4,0.5,0,0,0,1,0,0,1,0,0,0,1,1,0,0
4,B,C,r2,r3,r2,r5,r2,r1,r1,r6,r7,r4,r0,r2,r0,r0,r3,1,0.5,1,0,1,1,1,1,0,1,0,0,0,0,0
5,B,C,r3,r2,r2,r5,r2,r9,r2,r6,r1,r4,r9,r9,r9,r9,r1,0.5,1,1,0,1,0,0.5,1,1,1,0,0,0,0,1
6,B,C,r2,r3,r2,r5,r2,r1,r1,r6,r1,r7,r1,r1,r2,r1,r4,1,0.5,1,0,1,1,1,1,1,0,1,1,1,1,0
7,B,C,r3,r2,r2,r6,r2,r1,r1,r6,r1,r4,r1,r2,r2,r1,r4,0.5,1,1,0,1,1,1,1,1,1,1,0,1,1,0
8,B,C,r3,r3,r2,r4,r2,r1,r1,r6,r1,r4,r9,r9,r9,r1,r1,0.5,0.5,1,1,1,1,1,1,1,1,0,0,0,1,1
9,B,C,r3,r9,r2,r6,r2,r1,r2,r6,r1,r4,r1,r2,r1,r1,r4,0.5,0,1,0,1,1,0.5,1,1,1,1,0,1,1,0
10,B,C,r2,r2,r2,r4,r2,r1,r1,r4,r1,r7,r1,r1,r1,r1,r1,1,1,1,1,1,1,1,0,1,0,1,1,1,1,1
11,B,C,r3,r3,r1,r6,r2,r1,r2,r1,r4,r7,r9,r0,r1,r0,r1,0.5,0.5,0,0,1,1,0.5,0,0,0,0,0,1,0,1
12,B,C,r2,r2,r1,r6,r2,r1,r2,r6,r1,r4,r9,r1,r9,r1,r4,1,1,0,0,1,1,0.5,1,1,1,0,1,0,1,0
13,B,C,r2,r2,r2,r4,r2,r1,r1,r6,r1,r4,r9,r1,r9,r1,r1,1,1,1,1,1,1,1,1,1,1,0,1,0,1,1
14,B,C,r1,r1,r2,r4,r2,r1,r1,r6,r1,r4,r9,r2,r9,r3,r1,1,1,1,1,1,1,1,1,1,1,0,0,0,1,1
15,B,C,r2,r2,r2,r4,r2,r1,r1,r5,r1,r4,r9,r2,r2,r1,r4,1,1,1,1,1,1,1,0,1,1,0,0,1,1,0
16,B,C,r3,r3,r2,r4,r1,r1,r0,r1,r4,r7,r1,r9,r1,r0,r4,0.5,0.5,1,1,0,1,0,0,0,0,1,0,1,0,0
17,B,C,r9,r9,r2,r5,r2,r9,r1,r7,r1,r4,r1,r1,r9,r1,r1,0,0,1,0,1,0,1,0,1,1,1,1,0,1,1
18,B,C,r3,r2,r2,r4,r2,r9,r2,r6,r1,r4,r1,r9,r1,r1,r1,0.5,1,1,1,1,0,0.5,1,1,1,1,0,1,1,1
19,B,C,r2,r2,r2,r5,r2,r9,r2,r7,r6,r3,r1,r1,r0,r0,r4,1,1,1,0,1,0,0.5,0,0,0,1,1,0,0,0
20,B,C,r3,r9,r2,r5,r2,r1,r2,r4,r7,r6,r9,r1,r9,r9,r1,0.5,0,1,0,1,1,0.5,0,0,0,0,1,0,0,1
21,B,C,r2,r2,r2,r5,r2,r9,r1,r6,r1,r4,r1,r1,r1,r1,r1,1,1,1,0,1,0,1,1,1,1,1,1,1,1,1
22,B,C,r3,r3,r2,r5,r2,r9,r0,r4,r7,r1,r9,r0,r0,r9,r2,0.5,0.5,1,0,1,0,0,0,0,0,0,0,0,0,0
23,B,C,r0,r0,r2,r5,r4,r9,r0,r1,r4,r7,r0,r0,r0,r0,r1,0,0,1,0,0,0,0,0,0,0,0,0,0,0,1
24,B,C,r0,r0,r2,r4,r2,r1,r0,r4,r1,r7,r9,r2,r9,r0,r4,0,0,1,1,1,1,0,0,1,0,0,0,0,0,0
25,B,C,r0,r0,r0,r0,r0,r0,r0,r0,r0,r0,r0,r0,r0,r0,r0,0,0,0,0,0,0,0,0,0,0,0,0,0,0,0
26,B,C,r3,r3,r2,r5,r2,r9,r9,r7,r1,r4,r9,r9,r1,r1,r1,0.5,0.5,1,0,1,0,0,0,1,1,0,0,1,1,1
27,B,C,r2,r2,r2,r6,r2,r9,r1,r4,r7,r4,r1,r1,r0,r9,r1,1,1,1,0,1,0,1,0,0,1,1,1,0,0,1
28,B,C,r0,r0,r2,r4,r2,r1,r0,r1,r3,r4,r9,r0,r0,r9,r2,0,0,1,1,1,1,0,0,0,1,0,0,0,0,0
29,B,C,r9,r2,r1,r5,r2,r1,r1,r6,r1,r4,r1,r1,r1,r1,r1,0,1,0,0,1,1,1,1,1,1,1,1,1,1,1
30,B,C,r3,r2,r2,r5,r2,r1,r2,r6,r7,r4,r1,r2,r9,r3,r1,0.5,1,1,0,1,1,0.5,1,0,1,1,0,0,1,1
31,B,C,r3,r2,r2,r5,r2,r1,r1,r3,r1,r4,r9,r2,r1,r1,r1,0.5,1,1,0,1,1,1,0,1,1,0,0,1,1,1
32,B,C,r3,r0,r2,r6,r2,r9,r0,r6,r1,r4,r0,r0,r9,r1,r2,0.5,0,1,0,1,0,0,1,1,1,0,0,0,1,0
33,B,C,r2,r2,r2,r6,r1,r1,r9,r6,r1,r4,r9,r1,r1,r1,r4,1,1,1,0,0,1,0,1,1,1,0,1,1,1,0
34,B,C,r3,r2,r2,r3,r2,r1,r0,r7,r3,r6,r9,r9,r0,r9,r3,0.5,1,1,0,1,1,0,0,0,0,0,0,0,0,0
35,B,C,r3,r2,r2,r5,r2,r1,r0,r7,r6,r1,r9,r2,r0,r0,r4,0.5,1,1,0,1,1,0,0,0,0,0,0,0,0,0
36,B,C,r3,r3,r4,r5,r2,r9,r3,r5,r1,r4,r9,r9,r9,r1,r2,0.5,0.5,0,0,1,0,0.5,0,1,1,0,0,0,1,0
37,B,C,r2,r3,r2,r6,r2,r1,r3,r6,r1,r4,r1,r1,r2,r1,r3,1,0.5,1,0,1,1,0.5,1,1,1,1,1,1,1,0
38,B,C,r9,r2,r2,r5,r2,r9,r2,r7,r1,r4,r1,r9,r9,r9,r4,0,1,1,0,1,0,0.5,0,1,1,1,0,0,0,0
39,B,C,r2,r9,r2,r5,r2,r1,r9,r6,r1,r4,r1,r2,r1,r9,r2,1,0,1,0,1,1,0,1,1,1,1,0,1,0,0
40,B,C,r3,r3,r2,r5,r4,r9,r0,r1,r3,r4,r9,r2,r1,r9,r4,0.5,0.5,1,0,0,0,0,0,0,1,0,0,1,0,0
41,B,C,r3,r2,r2,r4,r2,r1,r2,r6,r1,r4,r9,r2,r1,r9,r4,0.5,1,1,1,1,1,0.5,1,1,1,0,0,1,0,0
42,B,C,r2,r2,r4,r3,r2,r1,r1,r4,r1,r7,r9,r9,r9,r1,r1,1,1,0,0,1,1,1,0,1,0,0,0,0,1,1
43,B,C,r2,r2,r3,r6,r2,r1,r3,r1,r6,r5,r9,r9,r2,r9,r1,1,1,0,0,1,1,0.5,0,0,0,0,0,1,0,1
44,B,C,r3,r2,r2,r5,r2,r9,r0,r4,r1,r7,r9,r2,r0,r1,r1,0.5,1,1,0,1,0,0,0,1,0,0,0,0,1,1
45,B,C,r9,r3,r2,r6,r2,r1,r1,r4,r1,r7,r1,r2,r9,r1,r1,0,0.5,1,0,1,1,1,0,1,0,1,0,0,1,1
46,B,C,r3,r2,r1,r5,r2,r1,r1,r6,r1,r4,r9,r9,r9,r3,r4,0.5,1,0,0,1,1,1,1,1,1,0,0,0,1,0
47,B,C,r2,r3,r1,r3,r3,r1,r3,r2,r7,r4,r9,r2,r2,r3,r2,1,0.5,0,0,0,1,0.5,0,0,1,0,0,1,1,0
48,B,C,r2,r2,r2,r5,r2,r1,r3,r6,r1,r4,r9,r9,r2,r1,r1,1,1,1,0,1,1,0.5,1,1,1,0,0,1,1,1
49,B,C,r3,r9,r2,r5,r2,r0,r0,r6,r1,r4,r0,r0,r0,r0,r3,0.5,0,1,0,1,0,0,1,1,1,0,0,0,0,0
50,B,C,r9,r9,r2,r6,r4,r1,r0,r6,r7,r4,r9,r1,r1,r3,r2,0,0,1,0,0,1,0,1,0,1,0,1,1,1,0
51,B,C,r2,r2,r2,r6,r2,r9,r2,r4,r1,r7,r9,r1,r9,r1,r1,1,1,1,0,1,0,0.5,0,1,0,0,1,0,1,1
52,B,C,r9,r3,r1,r5,r2,r1,r1,r6,r3,r4,r1,r2,r9,r9,r1,0,0.5,0,0,1,1,1,1,0,1,1,0,0,0,1
53,B,C,r3,r2,r2,r6,r3,r9,r1,r6,r1,r4,r9,r2,r9,r1,r3,0.5,1,1,0,0,0,1,1,1,1,0,0,0,1,0
54,B,C,r2,r2,r2,r5,r2,r1,r1,r6,r1,r4,r9,r9,r1,r1,r1,1,1,1,0,1,1,1,1,1,1,0,0,1,1,1
55,B,C,r9,r9,r2,r4,r2,r1,r9,r4,r7,r6,r9,r9,r9,r9,r4,0,0,1,1,1,1,0,0,0,0,0,0,0,0,0
56,B,C,r2,r2,r2,r5,r2,r9,r2,r6,r1,r4,r9,r2,r9,r1,r1,1,1,1,0,1,0,0.5,1,1,1,0,0,0,1,1
57,B,C,r2,r2,r2,r4,r2,r1,r1,r6,r1,r4,r1,r1,r9,r1,r1,1,1,1,1,1,1,1,1,1,1,1,1,0,1,1
58,B,C,r3,r3,r2,r5,r2,r9,r1,r1,r6,r7,r9,r2,r2,r9,r3,0.5,0.5,1,0,1,0,1,0,0,0,0,0,1,0,0
59,B,C,r2,r2,r2,r4,r2,r1,r1,r7,r1,r4,r9,r1,r2,r1,r1,1,1,1,1,1,1,1,0,1,1,0,1,1,1,1
60,B,C,r2,r2,r4,r5,r2,r1,r0,r1,r5,r4,r9,r9,r9,r1,r4,1,1,0,0,1,1,0,0,0,1,0,0,0,1,0
61,B,C,r9,r3,r2,r4,r2,r1,r1,r7,r1,r4,r1,r1,r2,r3,r1,0,0.5,1,1,1,1,1,0,1,1,1,1,1,1,1
62,B,C,r2,r2,r2,r4,r2,r9,r1,r3,r1,r4,r9,r9,r1,r3,r4,1,1,1,1,1,0,1,0,1,1,0,0,1,1,0
63,B,C,r2,r2,r2,r4,r2,r1,r1,r6,r1,r4,r9,r9,r1,r1,r4,1,1,1,1,1,1,1,1,1,1,0,0,1,1,0
64,B,C,r2,r9,r1,r4,r2,r1,r2,r6,r1,r4,r1,r1,r9,r9,r4,1,0,0,1,1,1,0.5,1,1,1,1,1,0,0,0
65,B,C,r3,r9,r2,r4,r2,r9,r1,r6,r1,r4,r1,r1,r2,r1,r1,0.5,0,1,1,1,0,1,1,1,1,1,1,1,1,1
66,B,C,r2,r9,r2,r4,r2,r1,r1,r6,r7,r4,r9,r2,r9,r1,r3,1,0,1,1,1,1,1,1,0,1,0,0,0,1,0
67,B,C,r2,r3,r2,r5,r2,r1,r1,r6,r1,r4,r1,r1,r1,r9,r4,1,0.5,1,0,1,1,1,1,1,1,1,1,1,0,0
68,B,C,r2,r2,r2,r5,r2,r1,r1,r6,r1,r4,r1,r1,r2,r1,r1,1,1,1,0,1,1,1,1,1,1,1,1,1,1,1
69,B,C,r3,r2,r2,r4,r3,r9,r1,r7,r2,r4,r9,r9,r9,r9,r1,0.5,1,1,1,0,0,1,0,0,1,0,0,0,0,1
70,B,C,r9,r2,r2,r4,r4,r1,r1,r6,r1,r4,r1,r2,r2,r1,r1,0,1,1,1,0,1,1,1,1,1,1,0,1,1,1
71,B,C,r2,r2,r2,r5,r4,r9,r2,r7,r4,r1,r1,r9,r9,r1,r4,1,1,1,0,0,0,0.5,0,0,0,1,0,0,1,0
72,B,C,r3,r9,r2,r5,r2,r9,r0,r6,r1,r4,r0,r0,r0,r1,r1,0.5,0,1,0,1,0,0,1,1,1,0,0,0,1,1
73,B,C,r2,r9,r4,r6,r2,r9,r3,r7,r1,r4,r1,r1,r1,r9,r4,1,0,0,0,1,0,0.5,0,1,1,1,1,1,0,0
74,B,C,r0,r0,r2,r3,r2,r9,r3,r6,r4,r7,r9,r0,r0,r0,r4,0,0,1,0,1,0,0.5,1,0,0,0,0,0,0,0
75,B,C,r1,r1,r2,r5,r2,r9,r1,r6,r1,r4,r1,r1,r2,r1,r1,1,1,1,0,1,0,1,1,1,1,1,1,1,1,1
76,B,C,r0,r0,r3,r1,r2,r1,r9,r6,r3,r4,r1,r2,r0,r0,r4,0,0,0,0,1,1,0,1,0,1,1,0,0,0,0
77,B,C,r0,r0,r2,r3,r2,r0,r0,r6,r1,r7,r0,r0,r0,r0,r3,0,0,1,0,1,0,0,1,1,0,0,0,0,0,0
78,B,C,r3,r2,r2,r5,r4,r9,r1,r2,r1,r4,r1,r2,r9,r9,r2,0.5,1,1,0,0,0,1,0,1,1,1,0,0,0,0
79,B,C,r9,r0,r2,r4,r2,r9,r3,r6,r1,r4,r1,r2,r0,r9,r1,0,0,1,1,1,0,0.5,1,1,1,1,0,0,0,1
80,B,C,r2,r3,r2,r5,r2,r1,r9,r4,r7,r7,r1,r1,r9,r9,r4,1,0.5,1,0,1,1,0,0,0,0,1,1,0,0,0
81,B,C,r3,r2,r2,r5,r3,r9,r2,r4,r1,r4,r0,r2,r1,r1,r4,0.5,1,1,0,0,0,0.5,0,1,1,0,0,1,1,0
82,B,C,r0,r0,r2,r6,r1,r9,r0,r1,r6,r4,r9,r0,r0,r0,r3,0,0,1,0,0,0,0,0,0,1,0,0,0,0,0
83,B,C,r3,r9,r2,r4,r2,r9,r0,r6,r1,r3,r9,r9,r9,r9,r1,0.5,0,1,1,1,0,0,1,1,0,0,0,0,0,1
84,B,C,r1,r0,r2,r5,r4,r9,r2,r6,r1,r4,r9,r9,r9,r9,r1,1,0,1,0,0,0,0.5,1,1,1,0,0,0,0,1
85,B,C,r2,r2,r2,r5,r2,r1,r1,r6,r1,r4,r1,r2,r1,r1,r1,1,1,1,0,1,1,1,1,1,1,1,0,1,1,1
86,B,C,r2,r2,r2,r4,r2,r9,r1,r6,r1,r4,r9,r2,r1,r1,r1,1,1,1,1,1,0,1,1,1,1,0,0,1,1,1
87,B,C,r3,r3,r3,r5,r2,r9,r9,r6,r3,r4,r9,r9,r9,r9,r3,0.5,0.5,0,0,1,0,0,1,0,1,0,0,0,0,0
88,B,C,r9,r2,r2,r5,r2,r1,r2,r1,r4,r6,r9,r9,r0,r9,r1,0,1,1,0,1,1,0.5,0,0,0,0,0,0,0,1
89,B,C,r2,r2,r2,r5,r2,r1,r3,r7,r5,r4,r9,r9,r0,r3,r4,1,1,1,0,1,1,0.5,0,0,1,0,0,0,1,0
90,B,C,r3,r9,r2,r4,r2,r1,r1,r6,r1,r4,r1,r9,r9,r3,r4,0.5,0,1,1,1,1,1,1,1,1,1,0,0,1,0
91,B,C,r2,r9,r2,r5,r2,r1,r9,r5,r1,r7,r9,r2,r2,r9,r2,1,0,1,0,1,1,0,0,1,0,0,0,1,0,0
92,B,C,r2,r2,r2,r5,r2,r1,r1,r6,r1,r4,r1,r1,r2,r1,r1,1,1,1,0,1,1,1,1,1,1,1,1,1,1,1
93,B,C,r2,r3,r2,r5,r2,r1,r1,r6,r1,r4,r9,r2,r1,r1,r1,1,0.5,1,0,1,1,1,1,1,1,0,0,1,1,1
94,B,C,r2,r2,r2,r6,r2,r1,r0,r4,r7,r4,r1,r1,r9,r1,r1,1,1,1,0,1,1,0,0,0,1,1,1,0,1,1
95,B,C,r2,r3,r2,r5,r2,r1,r1,r6,r7,r4,r1,r1,r1,r9,r4,1,0.5,1,0,1,1,1,1,0,1,1,1,1,0,0
96,B,C,r2,r2,r2,r5,r2,r9,r1,r6,r3,r4,r1,r1,r1,r1,r1,1,1,1,0,1,0,1,1,0,1,1,1,1,1,1
97,B,C,r2,r2,r2,r4,r2,r1,r1,r6,r1,r4,r1,r2,r1,r1,r4,1,1,1,1,1,1,1,1,1,1,1,0,1,1,0
98,B,C,r2,r2,r2,r1,r2,r1,r9,r7,r1,r4,r9,r9,r2,r9,r2,1,1,1,0,1,1,0,0,1,1,0,0,1,0,0
99,B,C,r2,r2,r2,r4,r2,r1,r1,r6,r1,r7,r1,r9,r9,r1,r1,1,1,1,1,1,1,1,1,1,0,1,0,0,1,1
100,B,C,r2,r9,r2,r5,r2,r9,r0,r5,r6,r4,r9,r2,r9,r0,r4,1,0,1,0,1,0,0,0,0,1,0,0,0,0,0
101,B,C,r2,r3,r5,r6,r3,r1,r2,r6,r1,r6,r9,r2,r0,r3,r2,1,0.5,0,0,0,1,0.5,1,1,0,0,0,0,1,0
102,B,C,r3,r2,r1,r6,r4,r9,r2,r6,r1,r4,r9,r2,r9,r9,r1,0.5,1,0,0,0,0,0.5,1,1,1,0,0,0,0,1
103,B,C,r3,r3,r2,r4,r1,r1,r2,r7,r4,r1,r9,r9,r1,r9,r1,0.5,0.5,1,1,0,1,0.5,0,0,0,0,0,1,0,1
104,B,C,r0,r9,r2,r2,r2,r9,r0,r1,r6,r4,r1,r0,r0,r0,r4,0,0,1,0,1,0,0,0,0,1,1,0,0,0,0
105,B,C,r2,r2,r3,r5,r2,r1,r9,r6,r7,r4,r9,r2,r9,r9,r1,1,1,0,0,1,1,0,1,0,1,0,0,0,0,1
106,B,C,r9,r9,r1,r2,r1,r9,r2,r6,r3,r4,r1,r1,r9,r9,r2,0,0,0,0,0,0,0.5,1,0,1,1,1,0,0,0
107,B,C,r2,r2,r1,r5,r2,r1,r2,r6,r1,r4,r9,r2,r9,r3,r4,1,1,0,0,1,1,0.5,1,1,1,0,0,0,1,0
108,B,C,r1,r1,r1,r4,r2,r1,r1,r3,r1,r4,r9,r9,r9,r9,r2,1,1,0,1,1,1,1,0,1,1,0,0,0,0,0
109,B,C,r9,r9,r1,r4,r2,r9,r9,r1,r6,r4,r9,r2,r9,r3,r1,0,0,0,1,1,0,0,0,0,1,0,0,0,1,1
110,B,C,r2,r2,r2,r5,r4,r1,r1,r7,r4,r1,r1,r2,r9,r9,r1,1,1,1,0,0,1,1,0,0,0,1,0,0,0,1
111,B,C,r9,r3,r2,r4,r2,r1,r1,r9,r1,r4,r1,r9,r2,r1,r1,0,0.5,1,1,1,1,1,0,1,1,1,0,1,1,1
112,B,C,r3,r3,r2,r5,r3,r9,r2,r7,r1,r4,r9,r2,r9,r3,r1,0.5,0.5,1,0,0,0,0.5,0,1,1,0,0,0,1,1
113,B,C,r3,r2,r2,r5,r2,r1,r1,r6,r1,r4,r9,r1,r2,r1,r1,0.5,1,1,0,1,1,1,1,1,1,0,1,1,1,1
114,B,C,r3,r3,r1,r5,r2,r9,r9,r4,r6,r7,r9,r2,r9,r9,r1,0.5,0.5,0,0,1,0,0,0,0,0,0,0,0,0,1
115,B,C,r3,r2,r3,r2,r2,r1,r2,r6,r1,r4,r1,r1,r1,r3,r1,0.5,1,0,0,1,1,0.5,1,1,1,1,1,1,1,1
116,B,C,r3,r2,r1,r4,r2,r1,r0,r6,r1,r4,r1,r1,r1,r3,r1,0.5,1,0,1,1,1,0,1,1,1,1,1,1,1,1
117,B,C,r2,r2,r2,r3,r4,r1,r2,r6,r1,r7,r9,r9,r9,r3,r1,1,1,1,0,0,1,0.5,1,1,0,0,0,0,1,1
118,B,C,r0,r0,r2,r6,r2,r0,r0,r1,r4,r3,r0,r0,r0,r0,r4,0,0,1,0,1,0,0,0,0,0,0,0,0,0,0
119,B,C,r2,r3,r2,r5,r1,r1,r2,r6,r1,r4,r1,r2,r1,r1,r1,1,0.5,1,0,0,1,0.5,1,1,1,1,0,1,1,1
120,A,B,r2,r3,r2,r5,r2,r9,r0,r7,r6,r4,r9,r1,r1,r1,r3,1,0.5,1,0,1,0,0,0,0,1,0,1,1,1,0
121,A,B,r2,r9,r2,r4,r2,r1,r1,r4,r1,r7,r1,r9,r9,r1,r4,1,0,1,1,1,1,1,0,1,0,1,0,0,1,0
122,A,B,r2,r3,r2,r4,r2,r9,r1,r7,r1,r4,r1,r9,r1,r1,r1,1,0.5,1,1,1,0,1,0,1,1,1,0,1,1,1
123,A,B,r2,r3,r2,r5,r2,r9,r1,r6,r1,r4,r1,r2,r9,r1,r1,1,0.5,1,0,1,0,1,1,1,1,1,0,0,1,1
124,A,B,r3,r9,r4,r5,r2,r1,r2,r3,r6,r4,r9,r9,r2,r9,r4,0.5,0,0,0,1,1,0.5,0,0,1,0,0,1,0,0
125,A,B,r2,r3,r3,r4,r2,r9,r0,r3,r1,r4,r1,r1,r9,r1,r1,1,0.5,0,1,1,0,0,0,1,1,1,1,0,1,1
126,A,B,r9,r9,r1,r3,r2,r9,r2,r5,r3,r4,r1,r2,r2,r1,r1,0,0,0,0,1,0,0.5,0,0,1,1,0,1,1,1
127,A,B,r3,r9,r2,r1,r2,r1,r1,r6,r1,r7,r9,r1,r1,r1,r4,0.5,0,1,0,1,1,1,1,1,0,0,1,1,1,0
128,A,B,r3,r9,r1,r3,r1,r9,r1,r6,r7,r4,r1,r9,r9,r9,r2,0.5,0,0,0,0,0,1,1,0,1,1,0,0,0,0
129,A,B,r3,r3,r2,r4,r2,r1,r1,r6,r1,r4,r9,r2,r9,r1,r1,0.5,0.5,1,1,1,1,1,1,1,1,0,0,0,1,1
130,A,B,r2,r9,r2,r4,r2,r1,r1,r6,r1,r4,r9,r1,r1,r9,r1,1,0,1,1,1,1,1,1,1,1,0,1,1,0,1
131,A,B,r3,r3,r2,r6,r2,r9,r2,r2,r3,r7,r9,r9,r9,r9,r2,0.5,0.5,1,0,1,0,0.5,0,0,0,0,0,0,0,0
132,A,B,r3,r9,r2,r6,r4,r9,r1,r6,r4,r7,r9,r9,r9,r9,r3,0.5,0,1,0,0,0,1,1,0,0,0,0,0,0,0
133,A,B,r1,r1,r3,r5,r2,r1,r9,r4,r1,r7,r1,r1,r9,r3,r1,1,1,0,0,1,1,0,0,1,0,1,1,0,1,1
134,A,B,r2,r3,r2,r5,r4,r1,r1,r6,r3,r4,r9,r2,r1,r1,r4,1,0.5,1,0,0,1,1,1,0,1,0,0,1,1,0
135,A,B,r0,r0,r6,r5,r3,r0,r0,r3,r4,r7,r9,r0,r9,r0,r2,0,0,0,0,0,0,0,0,0,0,0,0,0,0,0
136,A,B,r9,r0,r2,r5,r2,r9,r0,r6,r1,r4,r9,r9,r9,r9,r3,0,0,1,0,1,0,0,1,1,1,0,0,0,0,0
137,A,B,r2,r9,r1,r5,r2,r1,r2,r6,r1,r4,r1,r1,r9,r1,r1,1,0,0,0,1,1,0.5,1,1,1,1,1,0,1,1
138,A,B,r3,r9,r2,r5,r2,r9,r0,r1,r6,r4,r0,r0,r9,r1,r4,0.5,0,1,0,1,0,0,0,0,1,0,0,0,1,0
139,A,B,r3,r3,r2,r6,r1,r1,r2,r6,r4,r3,r9,r9,r9,r1,r3,0.5,0.5,1,0,0,1,0.5,1,0,0,0,0,0,1,0
140,A,B,r3,r3,r2,r5,r4,r1,r9,r6,r1,r4,r9,r9,r1,r1,r1,0.5,0.5,1,0,0,1,0,1,1,1,0,0,1,1,1
141,A,B,r3,r3,r2,r4,r2,r1,r2,r6,r1,r4,r1,r1,r9,r1,r1,0.5,0.5,1,1,1,1,0.5,1,1,1,1,1,0,1,1
142,A,B,r0,r0,r2,r4,r2,r1,r0,r2,r1,r4,r0,r0,r0,r0,r1,0,0,1,1,1,1,0,0,1,1,0,0,0,0,1
143,A,B,r2,r3,r1,r6,r1,r1,r9,r5,r3,r4,r9,r2,r1,r1,r1,1,0.5,0,0,0,1,0,0,0,1,0,0,1,1,1
144,A,B,r9,r9,r2,r4,r2,r1,r1,r6,r1,r4,r1,r2,r1,r1,r4,0,0,1,1,1,1,1,1,1,1,1,0,1,1,0
145,A,B,r2,r9,r2,r5,r2,r9,r2,r6,r1,r4,r9,r2,r2,r9,r1,1,0,1,0,1,0,0.5,1,1,1,0,0,1,0,1
146,A,B,r0,r0,r3,r6,r2,r9,r2,r5,r6,r4,r9,r9,r9,r0,r3,0,0,0,0,1,0,0.5,0,0,1,0,0,0,0,0
147,A,B,r3,r9,r2,r5,r2,r9,r0,r7,r1,r4,r9,r2,r0,r9,r1,0.5,0,1,0,1,0,0,0,1,1,0,0,0,0,1
148,A,B,r9,r9,r2,r6,r1,r9,r3,r1,r3,r7,r9,r9,r9,r9,r4,0,0,1,0,0,0,0.5,0,0,0,0,0,0,0,0
149,A,B,r9,r9,r4,r5,r2,r9,r2,r4,r1,r4,r9,r2,r9,r1,r4,0,0,0,0,1,0,0.5,0,1,1,0,0,0,1,0
150,A,B,r9,r9,r1,r5,r4,r9,r1,r6,r1,r4,r9,r1,r9,r1,r4,0,0,0,0,0,0,1,1,1,1,0,1,0,1,0
151,A,B,r2,r3,r2,r4,r2,r1,r3,r6,r1,r4,r1,r1,r9,r1,r1,1,0.5,1,1,1,1,0.5,1,1,1,1,1,0,1,1
152,A,B,r2,r3,r2,r5,r1,r1,r2,r7,r1,r4,r1,r1,r2,r1,r1,1,0.5,1,0,0,1,0.5,0,1,1,1,1,1,1,1
153,A,B,r3,r3,r2,r5,r4,r9,r9,r7,r1,r4,r9,r2,r9,r1,r4,0.5,0.5,1,0,0,0,0,0,1,1,0,0,0,1,0
154,A,B,r3,r3,r2,r5,r3,r9,r2,r1,r4,r7,r9,r9,r9,r9,r4,0.5,0.5,1,0,0,0,0.5,0,0,0,0,0,0,0,0
155,A,B,r3,r9,r2,r5,r2,r1,r3,r6,r1,r7,r1,r1,r9,r1,r4,0.5,0,1,0,1,1,0.5,1,1,0,1,1,0,1,0
156,A,B,r2,r9,r4,r5,r2,r1,r0,r2,r3,r4,r9,r9,r0,r0,r4,1,0,0,0,1,1,0,0,0,1,0,0,0,0,0
157,A,B,r2,r9,r2,r5,r3,r9,r3,r1,r7,r4,r9,r2,r1,r9,r4,1,0,1,0,0,0,0.5,0,0,1,0,0,1,0,0
158,A,B,r3,r9,r4,r5,r3,r9,r2,r3,r7,r7,r9,r9,r9,r9,r4,0.5,0,0,0,0,0,0.5,0,0,0,0,0,0,0,0
159,A,B,r2,r9,r2,r4,r2,r1,r2,r6,r4,r4,r9,r2,r9,r1,r4,1,0,1,1,1,1,0.5,1,0,1,0,0,0,1,0
160,A,B,r3,r9,r2,r5,r2,r1,r0,r6,r1,r7,r1,r2,r1,r9,r4,0.5,0,1,0,1,1,0,1,1,0,1,0,1,0,0
161,A,B,r0,r0,r2,r3,r1,r0,r0,r2,r1,r3,r0,r0,r0,r0,r4,0,0,1,0,0,0,0,0,1,0,0,0,0,0,0
162,A,B,r3,r9,r1,r6,r3,r1,r2,r5,r1,r4,r9,r2,r9,r1,r4,0.5,0,0,0,0,1,0.5,0,1,1,0,0,0,1,0
163,A,B,r3,r9,r2,r4,r2,r1,r0,r7,r1,r4,r0,r0,r0,r3,r2,0.5,0,1,1,1,1,0,0,1,1,0,0,0,1,0
164,A,B,r3,r3,r1,r5,r3,r9,r9,r1,r6,r4,r1,r9,r9,r9,r3,0.5,0.5,0,0,0,0,0,0,0,1,1,0,0,0,0
165,A,B,r3,r3,r2,r1,r4,r9,r0,r1,r4,r5,r0,r0,r0,r9,r2,0.5,0.5,1,0,0,0,0,0,0,0,0,0,0,0,0
166,A,B,r2,r9,r2,r5,r2,r1,r2,r6,r1,r4,r1,r1,r2,r1,r4,1,0,1,0,1,1,0.5,1,1,1,1,1,1,1,0
167,A,B,r9,r3,r2,r5,r2,r1,r2,r7,r1,r4,r1,r1,r9,r9,r4,0,0.5,1,0,1,1,0.5,0,1,1,1,1,0,0,0
168,A,B,r9,r9,r2,r4,r4,r1,r1,r6,r1,r4,r1,r1,r1,r9,r4,0,0,1,1,0,1,1,1,1,1,1,1,1,0,0
169,A,B,r0,r0,r3,r4,r1,r0,r0,r2,r6,r4,r0,r0,r0,r9,r1,0,0,0,1,0,0,0,0,0,1,0,0,0,0,1
170,A,B,r3,r3,r1,r5,r4,r1,r9,r1,r4,r3,r9,r0,r1,r3,r1,0.5,0.5,0,0,0,1,0,0,0,0,0,0,1,1,1
171,A,B,r3,r3,r2,r5,r2,r1,r0,r1,r6,r4,r0,r0,r0,r9,r4,0.5,0.5,1,0,1,1,0,0,0,1,0,0,0,0,0
172,A,B,r0,r0,r2,r5,r2,r9,r9,r4,r1,r7,r9,r1,r9,r1,r1,0,0,1,0,1,0,0,0,1,0,0,1,0,1,1
173,A,B,r3,r9,r2,r6,r2,r1,r2,r3,r6,r4,r9,r9,r9,r9,r1,0.5,0,1,0,1,1,0.5,0,0,1,0,0,0,0,1
174,A,B,r2,r3,r2,r5,r2,r9,r1,r6,r1,r4,r1,r1,r9,r1,r1,1,0.5,1,0,1,0,1,1,1,1,1,1,0,1,1
175,A,B,r3,r3,r2,r5,r2,r9,r1,r4,r5,r7,r9,r1,r9,r9,r2,0.5,0.5,1,0,1,0,1,0,0,0,0,1,0,0,0
176,A,B,r3,r3,r2,r5,r2,r1,r2,r6,r1,r5,r1,r1,r2,r9,r1,0.5,0.5,1,0,1,1,0.5,1,1,0,1,1,1,0,1
177,A,B,r3,r9,r2,r4,r2,r1,r1,r9,r1,r4,r9,r2,r1,r1,r1,0.5,0,1,1,1,1,1,0,1,1,0,0,1,1,1
178,A,B,r2,r9,r2,r5,r2,r1,r1,r6,r1,r4,r9,r9,r9,r1,r3,1,0,1,0,1,1,1,1,1,1,0,0,0,1,0
179,A,B,r3,r3,r3,r5,r2,r9,r2,r1,r4,r3,r9,r9,r9,r9,r3,0.5,0.5,0,0,1,0,0.5,0,0,0,0,0,0,0,0
180,A,B,r3,r9,r2,r4,r2,r1,r0,r6,r1,r4,r1,r1,r1,r1,r4,0.5,0,1,1,1,1,0,1,1,1,1,1,1,1,0
181,A,A,r3,r9,r2,r4,r2,r1,r2,r4,r1,r7,r9,r2,r9,r3,r1,0.5,0,1,1,1,1,0.5,0,1,0,0,0,0,1,1
182,A,A,r0,r0,r2,r5,r3,r1,r1,r3,r1,r4,r9,r9,r9,r9,r4,0,0,1,0,0,1,1,0,1,1,0,0,0,0,0
183,A,A,r3,r9,r4,r5,r2,r1,r2,r7,r6,r4,r1,r2,r2,r1,r4,0.5,0,0,0,1,1,0.5,0,0,1,1,0,1,1,0
184,A,A,r9,r9,r1,r5,r4,r1,r9,r1,r4,r7,r9,r2,r9,r9,r1,0,0,0,0,0,1,0,0,0,0,0,0,0,0,1
185,A,A,r3,r9,r2,r5,r2,r1,r9,r6,r7,r4,r9,r2,r9,r9,r1,0.5,0,1,0,1,1,0,1,0,1,0,0,0,0,1
186,A,A,r3,r9,r2,r5,r2,r9,r2,r2,r7,r6,r9,r2,r2,r1,r2,0.5,0,1,0,1,0,0.5,0,0,0,0,0,1,1,0
187,A,A,r3,r9,r2,r5,r2,r1,r1,r7,r1,r4,r1,r9,r2,r1,r4,0.5,0,1,0,1,1,1,0,1,1,1,0,1,1,0
188,A,A,r2,r9,r2,r5,r2,r1,r1,r6,r1,r4,r9,r9,r2,r1,r1,1,0,1,0,1,1,1,1,1,1,0,0,1,1,1
189,A,A,r2,r9,r2,r5,r2,r1,r2,r4,r1,r7,r1,r9,r9,r1,r1,1,0,1,0,1,1,0.5,0,1,0,1,0,0,1,1
190,A,A,r2,r9,r3,r6,r3,r9,r0,r0,r0,r0,r0,r0,r0,r0,r0,1,0,0,0,0,0,0,0,0,0,0,0,0,0,0
191,A,A,r3,r9,r2,r6,r4,r9,r0,r6,r1,r4,r0,r2,r0,r9,r1,0.5,0,1,0,0,0,0,1,1,1,0,0,0,0,1
192,A,A,r2,r9,r1,r3,r2,r9,r2,r6,r1,r4,r9,r9,r1,r3,r4,1,0,0,0,1,0,0.5,1,1,1,0,0,1,1,0
193,A,A,r2,r9,r2,r5,r1,r1,r2,r6,r3,r7,r9,r9,r9,r9,r4,1,0,1,0,0,1,0.5,1,0,0,0,0,0,0,0
194,A,A,r2,r9,r2,r4,r2,r9,r1,r6,r1,r4,r1,r1,r1,r1,r1,1,0,1,1,1,0,1,1,1,1,1,1,1,1,1
195,A,A,r3,r9,r1,r5,r2,r9,r1,r6,r1,r4,r1,r1,r9,r9,r4,0.5,0,0,0,1,0,1,1,1,1,1,1,0,0,0
196,A,A,r2,r3,r2,r5,r2,r1,r2,r6,r1,r4,r1,r2,r9,r1,r1,1,0.5,1,0,1,1,0.5,1,1,1,1,0,0,1,1
197,A,A,r2,r9,r2,r4,r2,r1,r2,r6,r1,r4,r1,r1,r2,r1,r1,1,0,1,1,1,1,0.5,1,1,1,1,1,1,1,1
198,A,A,r2,r0,r2,r4,r9,r9,r2,r7,r1,r4,r1,r1,r9,r1,r4,1,0,1,1,0,0,0.5,0,1,1,1,1,0,1,0
199,A,A,r0,r0,r2,r0,r2,r1,r9,r4,r1,r2,r9,r0,r0,r0,r4,0,0,1,0,1,1,0,0,1,0,0,0,0,0,0
200,A,A,r3,r9,r4,r6,r4,r9,r0,r5,r1,r4,r1,r0,r0,r0,r0,0.5,0,0,0,0,0,0,0,1,1,1,0,0,0,0
201,A,A,r3,r9,r2,r5,r2,r1,r2,r3,r1,r4,r9,r2,r9,r9,r2,0.5,0,1,0,1,1,0.5,0,1,1,0,0,0,0,0
202,A,A,r3,r3,r1,r5,r3,r1,r0,r5,r6,r4,r9,r2,r0,r9,r2,0.5,0.5,0,0,0,1,0,0,0,1,0,0,0,0,0
203,A,A,r1,r1,r1,r5,r2,r1,r0,r6,r1,r4,r0,r1,r0,r0,r0,1,1,0,0,1,1,0,1,1,1,0,1,0,0,0
204,A,A,r3,r9,r2,r5,r2,r9,r9,r5,r4,r7,r9,r9,r9,r9,r3,0.5,0,1,0,1,0,0,0,0,0,0,0,0,0,0
205,A,A,r0,r0,r4,r2,r9,r0,r0,r7,r1,r3,r0,r0,r0,r0,r2,0,0,0,0,0,0,0,0,1,0,0,0,0,0,0
206,A,A,r2,r9,r2,r4,r2,r1,r2,r6,r1,r4,r9,r2,r1,r3,r4,1,0,1,1,1,1,0.5,1,1,1,0,0,1,1,0
207,A,A,r3,r3,r2,r6,r3,r1,r9,r6,r1,r4,r9,r9,r9,r1,r1,0.5,0.5,1,0,0,1,0,1,1,1,0,0,0,1,1
208,A,A,r0,r0,r2,r5,r2,r1,r1,r6,r1,r4,r0,r1,r2,r9,r1,0,0,1,0,1,1,1,1,1,1,0,1,1,0,1
209,A,A,r2,r9,r2,r4,r2,r1,r2,r7,r3,r4,r9,r1,r2,r1,r1,1,0,1,1,1,1,0.5,0,0,1,0,1,1,1,1
210,A,A,r2,r3,r3,r5,r2,r9,r2,r6,r1,r4,r9,r2,r2,r1,r1,1,0.5,0,0,1,0,0.5,1,1,1,0,0,1,1,1
211,A,A,r3,r9,r2,r4,r2,r9,r9,r6,r4,r7,r0,r0,r0,r9,r2,0.5,0,1,1,1,0,0,1,0,0,0,0,0,0,0
212,A,A,r3,r3,r2,r5,r1,r9,r2,r6,r3,r7,r9,r2,r9,r1,r4,0.5,0.5,1,0,0,0,0.5,1,0,0,0,0,0,1,0
213,A,A,r9,r9,r2,r5,r2,r1,r2,r6,r7,r4,r9,r2,r9,r3,r1,0,0,1,0,1,1,0.5,1,0,1,0,0,0,1,1
214,A,A,r2,r9,r2,r4,r2,r1,r2,r6,r1,r7,r9,r1,r9,r1,r4,1,0,1,1,1,1,0.5,1,1,0,0,1,0,1,0
215,A,A,r3,r9,r2,r3,r2,r9,r9,r4,r3,r6,r9,r9,r0,r0,r3,0.5,0,1,0,1,0,0,0,0,0,0,0,0,0,0
216,A,A,r3,r9,r2,r5,r2,r1,r2,r1,r4,r7,r1,r2,r1,r1,r4,0.5,0,1,0,1,1,0.5,0,0,0,1,0,1,1,0
217,A,A,r2,r9,r2,r5,r2,r9,r9,r6,r1,r7,r9,r9,r9,r1,r4,1,0,1,0,1,0,0,1,1,0,0,0,0,1,0
218,A,A,r0,r0,r2,r5,r2,r1,r0,r6,r3,r4,r0,r0,r0,r0,r1,0,0,1,0,1,1,0,1,0,1,0,0,0,0,1
219,A,A,r2,r3,r4,r6,r2,r9,r9,r7,r4,r1,r9,r9,r1,r9,r4,1,0.5,0,0,1,0,0,0,0,0,0,0,1,0,0
220,A,A,r2,r3,r4,r6,r2,r9,r0,r6,r7,r4,r0,r9,r1,r1,r1,1,0.5,0,0,1,0,0,1,0,1,0,0,1,1,1
221,A,A,r3,r9,r2,r5,r2,r1,r2,r2,r1,r4,r9,r2,r2,r1,r1,0.5,0,1,0,1,1,0.5,0,1,1,0,0,1,1,1
222,A,A,r3,r9,r2,r5,r2,r1,r0,r1,r6,r4,r1,r1,r0,r0,r1,0.5,0,1,0,1,1,0,0,0,1,1,1,0,0,1
223,A,A,r2,r9,r2,r5,r1,r1,r0,r6,r4,r7,r1,r1,r1,r1,r4,1,0,1,0,0,1,0,1,0,0,1,1,1,1,0
224,A,A,r3,r9,r2,r4,r2,r1,r2,r7,r1,r4,r0,r2,r0,r3,r4,0.5,0,1,1,1,1,0.5,0,1,1,0,0,0,1,0
225,A,A,r9,r3,r2,r3,r1,r9,r9,r4,r3,r1,r1,r1,r9,r9,r1,0,0.5,1,0,0,0,0,0,0,0,1,1,0,0,1
226,A,A,r2,r9,r1,r6,r3,r9,r9,r1,r3,r4,r9,r0,r0,r9,r2,1,0,0,0,0,0,0,0,0,1,0,0,0,0,0
227,A,A,r2,r9,r2,r5,r2,r1,r2,r6,r1,r4,r1,r1,r1,r1,r1,1,0,1,0,1,1,0.5,1,1,1,1,1,1,1,1
228,A,A,r2,r9,r2,r5,r2,r1,r1,r6,r1,r4,r9,r9,r1,r1,r3,1,0,1,0,1,1,1,1,1,1,0,0,1,1,0
229,A,A,r2,r9,r2,r5,r3,r9,r1,r5,r4,r7,r1,r1,r2,r1,r4,1,0,1,0,0,0,1,0,0,0,1,1,1,1,0
230,A,A,r3,r9,r2,r5,r2,r9,r3,r6,r7,r4,r9,r9,r1,r1,r1,0.5,0,1,0,1,0,0.5,1,0,1,0,0,1,1,1
231,A,A,r2,r3,r2,r5,r2,r9,r2,r4,r1,r7,r9,r2,r9,r1,r1,1,0.5,1,0,1,0,0.5,0,1,0,0,0,0,1,1
232,A,A,r2,r9,r2,r5,r2,r1,r2,r2,r1,r7,r1,r1,r9,r1,r4,1,0,1,0,1,1,0.5,0,1,0,1,1,0,1,0
233,A,A,r3,r3,r2,r5,r2,r9,r2,r6,r1,r7,r1,r1,r9,r9,r4,0.5,0.5,1,0,1,0,0.5,1,1,0,1,1,0,0,0
234,A,A,r1,r1,r3,r5,r2,r9,r3,r4,r7,r1,r9,r9,r9,r1,r1,1,1,0,0,1,0,0.5,0,0,0,0,0,0,1,1
235,A,A,r3,r9,r2,r4,r2,r9,r2,r6,r1,r4,r1,r1,r2,r9,r1,0.5,0,1,1,1,0,0.5,1,1,1,1,1,1,0,1
236,A,A,r2,r3,r2,r4,r4,r1,r2,r6,r1,r4,r9,r9,r9,r1,r1,1,0.5,1,1,0,1,0.5,1,1,1,0,0,0,1,1
237,A,A,r2,r9,r3,r6,r2,r1,r9,r6,r4,r7,r9,r1,r2,r9,r1,1,0,0,0,1,1,0,1,0,0,0,1,1,0,1
238,A,A,r3,r9,r1,r4,r1,r1,r3,r5,r1,r7,r9,r2,r9,r9,r1,0.5,0,0,1,0,1,0.5,0,1,0,0,0,0,0,1
239,A,A,r2,r3,r2,r4,r1,r1,r1,r4,r1,r7,r0,r9,r1,r1,r1,1,0.5,1,1,0,1,1,0,1,0,0,0,1,1,1
240,A,A,r2,r3,r2,r4,r2,r1,r1,r6,r1,r7,r1,r1,r2,r1,r1,1,0.5,1,1,1,1,1,1,1,0,1,1,1,1,1
241,A,A,r2,r9,r2,r4,r1,r1,r0,r1,r6,r7,r9,r1,r2,r1,r4,1,0,1,1,0,1,0,0,0,0,0,1,1,1,0
242,A,A,r3,r9,r1,r5,r3,r9,r1,r6,r1,r4,r1,r9,r1,r9,r4,0.5,0,0,0,0,0,1,1,1,1,1,0,1,0,0
243,A,A,r3,r9,r2,r5,r3,r9,r0,r1,r4,r6,r9,r9,r9,r0,r2,0.5,0,1,0,0,0,0,0,0,0,0,0,0,0,0
244,A,A,r3,r3,r3,r5,r3,r1,r0,r4,r7,r1,r9,r9,r2,r1,r4,0.5,0.5,0,0,0,1,0,0,0,0,0,0,1,1,0
245,A,A,r3,r9,r2,r5,r3,r1,r0,r6,r7,r4,r1,r1,r1,r1,r1,0.5,0,1,0,0,1,0,1,0,1,1,1,1,1,1
246,B,A,r2,r9,r2,r4,r2,r1,r2,r7,r1,r4,r9,r9,r1,r1,r1,1,0,1,1,1,1,0.5,0,1,1,0,0,1,1,1
247,B,A,r2,r2,r2,r4,r2,r1,r1,r6,r1,r4,r1,r1,r1,r9,r4,1,1,1,1,1,1,1,1,1,1,1,1,1,0,0
248,B,A,r0,r0,r3,r5,r2,r0,r0,r1,r4,r6,r0,r0,r0,r0,r4,0,0,0,0,1,0,0,0,0,0,0,0,0,0,0
249,B,A,r3,r9,r1,r2,r2,r1,r0,r3,r1,r4,r9,r9,r1,r1,r1,0.5,0,0,0,1,1,0,0,1,1,0,0,1,1,1
250,B,A,r1,r1,r2,r5,r2,r1,r2,r4,r1,r7,r1,r1,r9,r9,r1,1,1,1,0,1,1,0.5,0,1,0,1,1,0,0,1
251,B,A,r3,r2,r2,r4,r2,r1,r9,r3,r7,r4,r9,r2,r2,r3,r2,0.5,1,1,1,1,1,0,0,0,1,0,0,1,1,0
252,B,A,r3,r2,r2,r5,r2,r1,r1,r7,r1,r4,r9,r2,r0,r9,r2,0.5,1,1,0,1,1,1,0,1,1,0,0,0,0,0
253,B,A,r2,r2,r2,r5,r2,r9,r2,r4,r1,r7,r9,r1,r1,r1,r1,1,1,1,0,1,0,0.5,0,1,0,0,1,1,1,1
254,B,A,r3,r3,r2,r6,r2,r9,r1,r5,r1,r4,r9,r2,r9,r9,r1,0.5,0.5,1,0,1,0,1,0,1,1,0,0,0,0,1
255,B,A,r2,r3,r2,r4,r2,r1,r1,r7,r1,r4,r1,r1,r9,r9,r4,1,0.5,1,1,1,1,1,0,1,1,1,1,0,0,0
256,B,A,r2,r2,r2,r5,r2,r9,r3,r1,r7,r4,r9,r9,r0,r9,r4,1,1,1,0,1,0,0.5,0,0,1,0,0,0,0,0
257,B,A,r2,r9,r2,r4,r2,r9,r2,r6,r1,r4,r1,r1,r1,r1,r2,1,0,1,1,1,0,0.5,1,1,1,1,1,1,1,0
258,B,A,r2,r3,r2,r5,r2,r9,r1,r6,r1,r4,r1,r1,r1,r1,r1,1,0.5,1,0,1,0,1,1,1,1,1,1,1,1,1
259,B,A,r0,r0,r4,r6,r3,r0,r0,r5,r2,r4,r0,r0,r0,r0,r3,0,0,0,0,0,0,0,0,0,1,0,0,0,0,0
260,B,A,r2,r2,r2,r4,r2,r9,r1,r6,r1,r4,r9,r2,r9,r1,r4,1,1,1,1,1,0,1,1,1,1,0,0,0,1,0
261,B,A,r1,r3,r2,r5,r2,r1,r9,r7,r1,r4,r9,r9,r2,r3,r4,1,0.5,1,0,1,1,0,0,1,1,0,0,1,1,0
262,B,A,r9,r3,r2,r3,r2,r1,r0,r7,r1,r4,r1,r1,r9,r0,r4,0,0.5,1,0,1,1,0,0,1,1,1,1,0,0,0
263,B,A,r2,r2,r2,r4,r2,r9,r9,r6,r1,r4,r9,r1,r2,r9,r1,1,1,1,1,1,0,0,1,1,1,0,1,1,0,1
264,B,A,r2,r9,r2,r5,r2,r1,r0,r6,r1,r4,r1,r0,r0,r0,r2,1,0,1,0,1,1,0,1,1,1,1,0,0,0,0
265,B,A,r3,r2,r2,r6,r2,r9,r2,r1,r6,r4,r9,r2,r9,r0,r4,0.5,1,1,0,1,0,0.5,0,0,1,0,0,0,0,0
266,B,A,r2,r2,r2,r6,r2,r9,r2,r6,r7,r4,r9,r2,r9,r0,r4,1,1,1,0,1,0,0.5,1,0,1,0,0,0,0,0
267,B,A,r2,r9,r4,r5,r2,r1,r2,r1,r6,r4,r9,r9,r9,r9,r1,1,0,0,0,1,1,0.5,0,0,1,0,0,0,0,1
268,B,A,r2,r2,r2,r5,r2,r9,r0,r6,r4,r7,r9,r9,r0,r2,r1,1,1,1,0,1,0,0,1,0,0,0,0,0,1,1
269,B,A,r3,r3,r3,r6,r2,r9,r0,r7,r1,r4,r9,r2,r0,r0,r0,0.5,0.5,0,0,1,0,0,0,1,1,0,0,0,0,0
270,B,A,r3,r2,r4,r2,r2,r1,r2,r6,r1,r7,r1,r1,r1,r1,r4,0.5,1,0,0,1,1,0.5,1,1,0,1,1,1,1,0
271,B,A,r3,r9,r2,r5,r4,r1,r0,r6,r1,r4,r9,r9,r9,r0,r3,0.5,0,1,0,0,1,0,1,1,1,0,0,0,0,0
272,B,A,r0,r0,r3,r5,r4,r0,r0,r6,r4,r7,r1,r2,r0,r0,r1,0,0,0,0,0,0,0,1,0,0,1,0,0,0,1
273,B,A,r3,r9,r2,r5,r2,r1,r0,r6,r3,r4,r1,r9,r0,r0,r1,0.5,0,1,0,1,1,0,1,0,1,1,0,0,0,1
274,B,A,r3,r9,r2,r5,r1,r1,r0,r6,r7,r4,r9,r2,r9,r9,r4,0.5,0,1,0,0,1,0,1,0,1,0,0,0,0,0
275,B,A,r3,r9,r2,r4,r2,r1,r9,r1,r6,r4,r9,r2,r9,r1,r1,0.5,0,1,1,1,1,0,0,0,1,0,0,0,1,1
276,B,A,r3,r9,r6,r4,r2,r9,r9,r6,r1,r4,r9,r2,r9,r3,r1,0.5,0,0,1,1,0,0,1,1,1,0,0,0,1,1
277,B,A,r2,r2,r2,r4,r2,r9,r2,r6,r1,r4,r9,r9,r1,r1,r1,1,1,1,1,1,0,0.5,1,1,1,0,0,1,1,1
278,B,A,r2,r9,r2,r3,r2,r9,r2,r6,r3,r4,r9,r1,r1,r1,r4,1,0,1,0,1,0,0.5,1,0,1,0,1,1,1,0
279,B,A,r3,r2,r2,r5,r3,r9,r3,r4,r1,r7,r1,r1,r1,r1,r4,0.5,1,1,0,0,0,0.5,0,1,0,1,1,1,1,0
280,B,A,r1,r1,r2,r5,r2,r9,r0,r4,r1,r7,r0,r0,r0,r0,r1,1,1,1,0,1,0,0,0,1,0,0,0,0,0,1
281,B,A,r3,r2,r3,r4,r2,r1,r2,r3,r1,r6,r1,r9,r9,r9,r2,0.5,1,0,1,1,1,0.5,0,1,0,1,0,0,0,0
282,B,A,r2,r2,r2,r4,r2,r1,r1,r6,r1,r4,r1,r1,r1,r1,r1,1,1,1,1,1,1,1,1,1,1,1,1,1,1,1
283,B,A,r3,r9,r2,r5,r2,r9,r2,r6,r1,r4,r9,r9,r9,r9,r4,0.5,0,1,0,1,0,0.5,1,1,1,0,0,0,0,0
284,B,A,r2,r2,r2,r5,r1,r1,r2,r7,r6,r4,r9,r9,r2,r9,r4,1,1,1,0,0,1,0.5,0,0,1,0,0,1,0,0
285,B,A,r3,r2,r2,r5,r2,r1,r9,r6,r1,r4,r9,r2,r1,r1,r1,0.5,1,1,0,1,1,0,1,1,1,0,0,1,1,1
286,B,A,r2,r2,r2,r5,r2,r9,r2,r4,r1,r7,r1,r1,r2,r3,r4,1,1,1,0,1,0,0.5,0,1,0,1,1,1,1,0
287,B,A,r2,r2,r2,r5,r2,r9,r0,r7,r1,r4,r1,r2,r9,r9,r4,1,1,1,0,1,0,0,0,1,1,1,0,0,0,0
288,B,A,r2,r0,r6,r3,r2,r9,r0,r4,r3,r7,r9,r9,r2,r3,r1,1,0,0,0,1,0,0,0,0,0,0,0,1,1,1
289,B,A,r2,r3,r3,r5,r2,r1,r2,r4,r7,r3,r9,r2,r1,r1,r2,1,0.5,0,0,1,1,0.5,0,0,0,0,0,1,1,0
290,B,A,r3,r2,r2,r5,r2,r1,r1,r6,r1,r4,r1,r9,r2,r1,r1,0.5,1,1,0,1,1,1,1,1,1,1,0,1,1,1
291,B,A,r2,r9,r1,r4,r2,r1,r1,r6,r1,r6,r9,r1,r9,r1,r4,1,0,0,1,1,1,1,1,1,0,0,1,0,1,0
292,B,A,r3,r2,r2,r3,r4,r1,r2,r1,r5,r4,r9,r2,r9,r3,r2,0.5,1,1,0,0,1,0.5,0,0,1,0,0,0,1,0
293,B,A,r2,r2,r3,r2,r2,r9,r1,r6,r1,r4,r9,r2,r1,r3,r1,1,1,0,0,1,0,1,1,1,1,0,0,1,1,1
294,B,A,r3,r2,r2,r5,r1,r1,r2,r5,r1,r4,r9,r9,r2,r1,r4,0.5,1,1,0,0,1,0.5,0,1,1,0,0,1,1,0
295,B,A,r9,r3,r2,r3,r2,r1,r1,r6,r1,r4,r1,r1,r2,r1,r1,0,0.5,1,0,1,1,1,1,1,1,1,1,1,1,1
296,B,A,r2,r2,r2,r4,r3,r1,r2,r6,r1,r4,r9,r9,r9,r3,r4,1,1,1,1,0,1,0.5,1,1,1,0,0,0,1,0
297,B,A,r3,r2,r1,r5,r3,r1,r9,r7,r6,r4,r9,r2,r9,r1,r1,0.5,1,0,0,0,1,0,0,0,1,0,0,0,1,1
298,B,A,r0,r0,r4,r2,r1,r1,r9,r3,r4,r1,r0,r0,r0,r9,r2,0,0,0,0,0,1,0,0,0,0,0,0,0,0,0
299,B,A,r2,r2,r2,r5,r4,r1,r1,r6,r7,r4,r9,r1,r2,r9,r1,1,1,1,0,0,1,1,1,0,1,0,1,1,0,1
300,B,A,r3,r3,r2,r3,r3,r9,r0,r7,r1,r4,r9,r0,r1,r1,r4,0.5,0.5,1,0,0,0,0,0,1,1,0,0,1,1,0
301,B,A,r9,r3,r2,r4,r2,r1,r2,r6,r1,r7,r1,r2,r1,r9,r2,0,0.5,1,1,1,1,0.5,1,1,0,1,0,1,0,0
302,B,A,r2,r3,r2,r4,r3,r1,r3,r7,r4,r6,r9,r9,r1,r9,r1,1,0.5,1,1,0,1,0.5,0,0,0,0,0,1,0,1
303,B,A,r3,r2,r2,r4,r2,r1,r2,r6,r1,r4,r1,r1,r9,r9,r1,0.5,1,1,1,1,1,0.5,1,1,1,1,1,0,0,1
304,B,A,r2,r3,r2,r4,r2,r1,r2,r6,r1,r4,r9,r9,r2,r1,r4,1,0.5,1,1,1,1,0.5,1,1,1,0,0,1,1,0
305,B,A,r3,r9,r1,r3,r2,r1,r9,r2,r1,r4,r9,r9,r9,r9,r3,0.5,0,0,0,1,1,0,0,1,1,0,0,0,0,0
306,B,A,r3,r9,r2,r6,r2,r1,r2,r7,r1,r4,r9,r2,r1,r1,r4,0.5,0,1,0,1,1,0.5,0,1,1,0,0,1,1,0
307,B,A,r2,r2,r2,r5,r2,r1,r1,r4,r1,r7,r9,r9,r2,r1,r1,1,1,1,0,1,1,1,0,1,0,0,0,1,1,1
308,B,A,r3,r2,r2,r4,r3,r1,r3,r4,r2,r4,r9,r2,r1,r9,r4,0.5,1,1,1,0,1,0.5,0,0,1,0,0,1,0,0
309,B,C,r2,r3,r2,r5,r2,r1,r0,r7,r1,r4,r1,r1,r0,r0,r4,1,0.5,1,0,1,1,0,0,1,1,1,1,0,0,0
310,B,C,r2,r3,r4,r6,r2,r9,r1,r4,r1,r7,r1,r1,r0,r9,r2,1,0.5,0,0,1,0,1,0,1,0,1,1,0,0,0
311,B,C,r3,r3,r2,r4,r4,r1,r9,r6,r1,r4,r9,r9,r9,r9,r2,0.5,0.5,1,1,0,1,0,1,1,1,0,0,0,0,0
312,B,C,r9,r2,r2,r5,r2,r1,r1,r6,r1,r4,r9,r2,r9,r1,r1,0,1,1,0,1,1,1,1,1,1,0,0,0,1,1
313,B,C,r2,r2,r2,r4,r2,r1,r1,r6,r1,r4,r1,r9,r9,r1,r1,1,1,1,1,1,1,1,1,1,1,1,0,0,1,1
314,B,C,r3,r3,r2,r5,r2,r1,r3,r3,r7,r4,r9,r1,r9,r9,r1,0.5,0.5,1,0,1,1,0.5,0,0,1,0,1,0,0,1
315,B,C,r1,r9,r1,r5,r2,r9,r0,r1,r6,r4,r9,r2,r9,r0,r1,1,0,0,0,1,0,0,0,0,1,0,0,0,0,1
316,B,C,r3,r9,r2,r5,r2,r9,r0,r7,r4,r6,r9,r9,r1,r3,r3,0.5,0,1,0,1,0,0,0,0,0,0,0,1,1,0
317,B,C,r3,r2,r2,r5,r2,r1,r1,r1,r7,r4,r1,r2,r9,r3,r4,0.5,1,1,0,1,1,1,0,0,1,1,0,0,1,0
318,B,C,r3,r9,r2,r5,r2,r9,r0,r2,r1,r4,r1,r1,r0,r9,r4,0.5,0,1,0,1,0,0,0,1,1,1,1,0,0,0
319,B,C,r2,r2,r4,r5,r2,r9,r1,r6,r1,r7,r9,r9,r9,r9,r1,1,1,0,0,1,0,1,1,1,0,0,0,0,0,1
320,B,C,r2,r9,r4,r3,r2,r9,r0,r1,r5,r4,r9,r9,r2,r1,r1,1,0,0,0,1,0,0,0,0,1,0,0,1,1,1
321,B,C,r3,r9,r2,r4,r2,r1,r2,r4,r1,r7,r1,r2,r1,r1,r3,0.5,0,1,1,1,1,0.5,0,1,0,1,0,1,1,0
322,B,C,r2,r9,r2,r4,r2,r9,r2,r6,r1,r7,r1,r1,r1,r9,r1,1,0,1,1,1,0,0.5,1,1,0,1,1,1,0,1
323,B,C,r2,r2,r2,r4,r2,r1,r1,r4,r1,r7,r1,r9,r9,r9,r1,1,1,1,1,1,1,1,0,1,0,1,0,0,0,1
324,B,C,r2,r3,r2,r4,r2,r1,r3,r6,r1,r4,r1,r1,r9,r1,r1,1,0.5,1,1,1,1,0.5,1,1,1,1,1,0,1,1
325,B,C,r3,r2,r2,r4,r2,r1,r1,r6,r1,r4,r1,r1,r2,r1,r4,0.5,1,1,1,1,1,1,1,1,1,1,1,1,1,0
326,B,C,r9,r2,r2,r4,r2,r1,r1,r6,r1,r4,r1,r9,r9,r1,r1,0,1,1,1,1,1,1,1,1,1,1,0,0,1,1
327,B,C,r2,r3,r2,r3,r2,r1,r2,r3,r1,r4,r1,r1,r1,r1,r4,1,0.5,1,0,1,1,0.5,0,1,1,1,1,1,1,0
328,B,C,r3,r3,r2,r5,r4,r1,r0,r6,r1,r4,r1,r1,r1,r1,r4,0.5,0.5,1,0,0,1,0,1,1,1,1,1,1,1,0
329,B,C,r0,r0,r2,r0,r0,r0,r0,r0,r0,r0,r0,r0,r0,r0,r0,0,0,1,0,0,0,0,0,0,0,0,0,0,0,0
330,B,C,r0,r0,r2,r4,r2,r0,r1,r7,r6,r4,r9,r9,r1,r9,r4,0,0,1,1,1,0,1,0,0,1,0,0,1,0,0
331,B,C,r3,r3,r2,r3,r4,r9,r0,r7,r4,r1,r9,r9,r2,r3,r4,0.5,0.5,1,0,0,0,0,0,0,0,0,0,1,1,0
332,B,C,r2,r2,r2,r4,r2,r1,r1,r6,r1,r4,r1,r9,r2,r9,r1,1,1,1,1,1,1,1,1,1,1,1,0,1,0,1
333,B,C,r0,r0,r2,r5,r4,r0,r3,r6,r7,r3,r9,r9,r9,r0,r2,0,0,1,0,0,0,0.5,1,0,0,0,0,0,0,0
334,B,C,r0,r0,r1,r2,r9,r0,r0,r5,r4,r3,r0,r0,r0,r0,r0,0,0,0,0,0,0,0,0,0,0,0,0,0,0,0
335,B,C,r1,r9,r2,r4,r2,r1,r2,r7,r1,r4,r9,r2,r9,r1,r1,1,0,1,1,1,1,0.5,0,1,1,0,0,0,1,1
336,B,C,r3,r2,r2,r4,r2,r1,r2,r1,r4,r4,r1,r1,r9,r9,r1,0.5,1,1,1,1,1,0.5,0,0,1,1,1,0,0,1
337,B,C,r3,r9,r4,r5,r2,r9,r2,r4,r7,r3,r9,r0,r1,r0,r3,0.5,0,0,0,1,0,0.5,0,0,0,0,0,1,0,0
338,B,C,r0,r0,r4,r5,r3,r9,r3,r1,r4,r7,r9,r9,r0,r0,r3,0,0,0,0,0,0,0.5,0,0,0,0,0,0,0,0
339,B,C,r3,r9,r2,r6,r3,r9,r9,r1,r6,r3,r9,r9,r9,r9,r1,0.5,0,1,0,0,0,0,0,0,0,0,0,0,0,1
340,B,C,r2,r3,r2,r5,r2,r9,r2,r7,r1,r4,r9,r1,r2,r1,r1,1,0.5,1,0,1,0,0.5,0,1,1,0,1,1,1,1
341,B,C,r3,r9,r2,r6,r2,r9,r1,r6,r7,r4,r1,r1,r9,r9,r1,0.5,0,1,0,1,0,1,1,0,1,1,1,0,0,1
342,B,C,r9,r9,r2,r5,r2,r9,r9,r6,r4,r1,r9,r9,r1,r3,r4,0,0,1,0,1,0,0,1,0,0,0,0,1,1,0
343,B,C,r3,r9,r2,r5,r2,r1,r0,r6,r7,r4,r1,r1,r9,r9,r1,0.5,0,1,0,1,1,0,1,0,1,1,1,0,0,1
344,B,C,r2,r3,r2,r4,r2,r1,r0,r7,r1,r5,r0,r0,r0,r1,r1,1,0.5,1,1,1,1,0,0,1,0,0,0,0,1,1
345,B,C,r9,r3,r2,r3,r4,r1,r0,r1,r4,r3,r0,r0,r0,r3,r1,0,0.5,1,0,0,1,0,0,0,0,0,0,0,1,1
346,B,C,r2,r2,r2,r4,r2,r9,r1,r1,r3,r4,r9,r9,r1,r1,r1,1,1,1,1,1,0,1,0,0,1,0,0,1,1,1
347,B,C,r2,r2,r6,r2,r3,r1,r0,r3,r1,r4,r9,r9,r9,r1,r1,1,1,0,0,0,1,0,0,1,1,0,0,0,1,1
348,B,C,r0,r0,r1,r5,r2,r9,r0,r2,r3,r4,r9,r0,r0,r0,r0,0,0,0,0,1,0,0,0,0,1,0,0,0,0,0
349,B,C,r0,r0,r1,r2,r2,r0,r0,r1,r2,r3,r0,r0,r0,r0,r1,0,0,0,0,1,0,0,0,0,0,0,0,0,0,1
350,B,C,r2,r3,r2,r5,r2,r1,r3,r3,r1,r4,r9,r9,r9,r9,r2,1,0.5,1,0,1,1,0.5,0,1,1,0,0,0,0,0
351,B,C,r2,r2,r2,r4,r2,r1,r1,r6,r1,r4,r1,r1,r2,r1,r1,1,1,1,1,1,1,1,1,1,1,1,1,1,1,1
352,B,C,r2,r2,r1,r6,r2,r1,r9,r7,r1,r4,r1,r1,r1,r1,r1,1,1,0,0,1,1,0,0,1,1,1,1,1,1,1
353,B,C,r3,r3,r2,r4,r2,r1,r1,r6,r1,r4,r1,r2,r9,r1,r1,0.5,0.5,1,1,1,1,1,1,1,1,1,0,0,1,1
354,B,C,r9,r9,r3,r5,r2,r1,r1,r6,r1,r4,r1,r9,r9,r9,r1,0,0,0,0,1,1,1,1,1,1,1,0,0,0,1
355,B,C,r2,r2,r2,r5,r2,r1,r2,r6,r1,r4,r9,r1,r2,r1,r1,1,1,1,0,1,1,0.5,1,1,1,0,1,1,1,1
356,B,C,r3,r9,r4,r6,r2,r9,r2,r6,r2,r1,r9,r9,r2,r1,r4,0.5,0,0,0,1,0,0.5,1,0,0,0,0,1,1,0
357,B,C,r3,r3,r2,r4,r2,r9,r2,r6,r1,r4,r9,r9,r9,r1,r4,0.5,0.5,1,1,1,0,0.5,1,1,1,0,0,0,1,0
358,B,C,r3,r9,r2,r6,r2,r9,r1,r6,r4,r7,r9,r2,r9,r3,r2,0.5,0,1,0,1,0,1,1,0,0,0,0,0,1,0
359,B,C,r2,r2,r1,r5,r2,r1,r1,r4,r7,r4,r9,r9,r1,r1,r1,1,1,0,0,1,1,1,0,0,1,0,0,1,1,1
360,B,C,r0,r0,r2,r3,r4,r9,r0,r4,r5,r6,r9,r9,r9,r2,r1,0,0,1,0,0,0,0,0,0,0,0,0,0,1,1
361,B,C,r2,r0,r1,r5,r2,r1,r0,r7,r1,r4,r9,r0,r9,r0,r3,1,0,0,0,1,1,0,0,1,1,0,0,0,0,0
362,B,C,r3,r3,r2,r5,r2,r9,r2,r1,r3,r4,r1,r9,r9,r9,r1,0.5,0.5,1,0,1,0,0.5,0,0,1,1,0,0,0,1
363,B,C,r3,r2,r2,r5,r4,r1,r9,r7,r3,r4,r9,r9,r1,r1,r1,0.5,1,1,0,0,1,0,0,0,1,0,0,1,1,1
364,B,C,r2,r2,r2,r4,r3,r1,r1,r6,r1,r4,r1,r1,r2,r9,r4,1,1,1,1,0,1,1,1,1,1,1,1,1,0,0
365,B,C,r2,r2,r6,r5,r4,r9,r0,r1,r4,r7,r9,r9,r0,r0,r1,1,1,0,0,0,0,0,0,0,0,0,0,0,0,1
366,B,C,r2,r9,r2,r4,r2,r1,r1,r5,r4,r7,r9,r2,r9,r9,r4,1,0,1,1,1,1,1,0,0,0,0,0,0,0,0
367,B,C,r2,r2,r2,r4,r2,r1,r2,r6,r1,r4,r1,r2,r1,r1,r1,1,1,1,1,1,1,0.5,1,1,1,1,0,1,1,1
368,B,C,r3,r2,r2,r4,r2,r1,r9,r6,r1,r4,r9,r9,r1,r1,r4,0.5,1,1,1,1,1,0,1,1,1,0,0,1,1,0
369,B,C,r2,r0,r2,r5,r2,r9,r2,r6,r7,r4,r1,r1,r9,r1,r1,1,0,1,0,1,0,0.5,1,0,1,1,1,0,1,1
370,B,C,r2,r2,r2,r4,r2,r1,r1,r6,r1,r4,r1,r1,r1,r1,r1,1,1,1,1,1,1,1,1,1,1,1,1,1,1,1
371,B,C,r2,r2,r2,r6,r2,r1,r2,r6,r1,r4,r1,r1,r1,r1,r1,1,1,1,0,1,1,0.5,1,1,1,1,1,1,1,1
372,B,C,r0,r0,r4,r5,r3,r1,r0,r6,r3,r4,r9,r0,r0,r0,r3,0,0,0,0,0,1,0,1,0,1,0,0,0,0,0
373,A,B,r9,r0,r2,r6,r2,r1,r0,r6,r1,r4,r1,r9,r9,r1,r1,0,0,1,0,1,1,0,1,1,1,1,0,0,1,1
374,A,B,r9,r9,r2,r6,r4,r1,r9,r5,r2,r7,r0,r0,r0,r0,r2,0,0,1,0,0,1,0,0,0,0,0,0,0,0,0
375,A,B,r0,r0,r2,r3,r4,r9,r9,r2,r3,r1,r9,r9,r0,r9,r3,0,0,1,0,0,0,0,0,0,0,0,0,0,0,0
376,A,B,r2,r0,r3,r0,r2,r1,r0,r4,r6,r7,r9,r9,r9,r0,r4,1,0,0,0,1,1,0,0,0,0,0,0,0,0,0
377,A,B,r3,r9,r2,r5,r2,r1,r2,r6,r1,r4,r1,r1,r2,r9,r1,0.5,0,1,0,1,1,0.5,1,1,1,1,1,1,0,1
378,A,B,r2,r9,r2,r5,r2,r9,r2,r6,r3,r2,r9,r2,r0,r0,r2,1,0,1,0,1,0,0.5,1,0,0,0,0,0,0,0
379,A,B,r3,r9,r2,r4,r2,r9,r1,r6,r1,r4,r9,r2,r9,r1,r1,0.5,0,1,1,1,0,1,1,1,1,0,0,0,1,1
380,A,B,r3,r9,r2,r5,r2,r1,r1,r6,r1,r4,r9,r2,r1,r1,r1,0.5,0,1,0,1,1,1,1,1,1,0,0,1,1,1
381,A,B,r9,r9,r2,r6,r2,r9,r1,r3,r6,r4,r9,r1,r9,r1,r1,0,0,1,0,1,0,1,0,0,1,0,1,0,1,1
382,A,B,r3,r9,r2,r6,r2,r1,r2,r4,r1,r7,r9,r9,r1,r9,r4,0.5,0,1,0,1,1,0.5,0,1,0,0,0,1,0,0
383,A,B,r3,r9,r2,r3,r1,r1,r1,r6,r1,r4,r9,r9,r1,r3,r1,0.5,0,1,0,0,1,1,1,1,1,0,0,1,1,1
384,A,B,r2,r9,r2,r5,r1,r1,r1,r6,r1,r4,r9,r2,r9,r9,r4,1,0,1,0,0,1,1,1,1,1,0,0,0,0,0
385,A,B,r1,r9,r1,r5,r2,r9,r0,r1,r6,r4,r9,r9,r1,r1,r1,1,0,0,0,1,0,0,0,0,1,0,0,1,1,1
386,A,B,r2,r3,r2,r4,r2,r1,r2,r6,r1,r4,r1,r1,r2,r1,r4,1,0.5,1,1,1,1,0.5,1,1,1,1,1,1,1,0
387,A,B,r3,r9,r2,r5,r2,r9,r1,r6,r3,r7,r9,r9,r9,r1,r4,0.5,0,1,0,1,0,1,1,0,0,0,0,0,1,0
388,A,B,r2,r9,r2,r5,r2,r1,r2,r6,r1,r4,r9,r2,r9,r1,r3,1,0,1,0,1,1,0.5,1,1,1,0,0,0,1,0
389,A,B,r2,r3,r2,r6,r4,r9,r2,r6,r1,r4,r9,r2,r0,r9,r2,1,0.5,1,0,0,0,0.5,1,1,1,0,0,0,0,0
390,A,B,r3,r3,r2,r6,r2,r9,r2,r1,r7,r4,r9,r1,r1,r1,r4,0.5,0.5,1,0,1,0,0.5,0,0,1,0,1,1,1,0
391,A,B,r2,r3,r2,r4,r3,r9,r0,r7,r1,r3,r9,r9,r9,r0,r0,1,0.5,1,1,0,0,0,0,1,0,0,0,0,0,0
392,A,B,r2,r3,r2,r5,r2,r9,r9,r7,r1,r4,r9,r2,r9,r1,r4,1,0.5,1,0,1,0,0,0,1,1,0,0,0,1,0
393,A,B,r0,r9,r2,r6,r2,r1,r2,r7,r1,r4,r9,r2,r9,r9,r4,0,0,1,0,1,1,0.5,0,1,1,0,0,0,0,0
394,A,B,r3,r9,r2,r6,r2,r1,r0,r6,r1,r4,r1,r1,r0,r1,r1,0.5,0,1,0,1,1,0,1,1,1,1,1,0,1,1
395,A,B,r3,r3,r2,r6,r3,r9,r0,r1,r2,r4,r9,r1,r1,r0,r1,0.5,0.5,1,0,0,0,0,0,0,1,0,1,1,0,1
396,A,B,r1,r1,r2,r4,r2,r1,r1,r7,r6,r4,r1,r1,r0,r0,r0,1,1,1,1,1,1,1,0,0,1,1,1,0,0,0
397,A,B,r3,r0,r2,r5,r2,r9,r1,r6,r1,r4,r1,r1,r9,r0,r1,0.5,0,1,0,1,0,1,1,1,1,1,1,0,0,1
398,A,B,r0,r0,r2,r4,r2,r1,r1,r6,r3,r4,r9,r1,r0,r9,r1,0,0,1,1,1,1,1,1,0,1,0,1,0,0,1
399,A,B,r0,r0,r2,r5,r4,r1,r0,r6,r7,r1,r9,r0,r0,r0,r1,0,0,1,0,0,1,0,1,0,0,0,0,0,0,1
400,A,B,r2,r9,r4,r2,r4,r1,r0,r4,r3,r6,r0,r0,r0,r0,r0,1,0,0,0,0,1,0,0,0,0,0,0,0,0,0
401,A,B,r2,r9,r2,r5,r2,r9,r1,r6,r1,r4,r9,r1,r1,r1,r1,1,0,1,0,1,0,1,1,1,1,0,1,1,1,1
402,A,B,r3,r9,r2,r5,r4,r1,r2,r7,r3,r4,r1,r2,r1,r9,r1,0.5,0,1,0,0,1,0.5,0,0,1,1,0,1,0,1
403,A,B,r0,r0,r2,r3,r4,r9,r0,r7,r1,r4,r9,r9,r0,r1,r1,0,0,1,0,0,0,0,0,1,1,0,0,0,1,1
404,A,B,r0,r0,r2,r4,r2,r9,r2,r6,r1,r7,r0,r0,r0,r0,r4,0,0,1,1,1,0,0.5,1,1,0,0,0,0,0,0
405,A,B,r3,r9,r1,r5,r4,r9,r3,r6,r4,r1,r9,r9,r9,r9,r1,0.5,0,0,0,0,0,0.5,1,0,0,0,0,0,0,1
406,A,B,r3,r3,r2,r4,r4,r1,r2,r6,r1,r4,r9,r9,r1,r1,r1,0.5,0.5,1,1,0,1,0.5,1,1,1,0,0,1,1,1
407,A,B,r2,r9,r6,r5,r3,r1,r2,r7,r3,r1,r9,r9,r2,r9,r2,1,0,0,0,0,1,0.5,0,0,0,0,0,1,0,0
408,A,B,r3,r9,r2,r5,r2,r1,r0,r4,r1,r7,r1,r1,r0,r0,r1,0.5,0,1,0,1,1,0,0,1,0,1,1,0,0,1
409,A,B,r2,r9,r2,r5,r2,r1,r2,r6,r1,r7,r9,r2,r9,r3,r1,1,0,1,0,1,1,0.5,1,1,0,0,0,0,1,1
410,A,B,r0,r0,r4,r5,r3,r9,r1,r4,r1,r7,r1,r1,r9,r9,r4,0,0,0,0,0,0,1,0,1,0,1,1,0,0,0
411,A,B,r3,r3,r2,r5,r2,r1,r2,r6,r4,r7,r0,r2,r1,r1,r1,0.5,0.5,1,0,1,1,0.5,1,0,0,0,0,1,1,1
412,A,B,r3,r9,r2,r6,r3,r1,r3,r6,r1,r4,r1,r2,r9,r9,r4,0.5,0,1,0,0,1,0.5,1,1,1,1,0,0,0,0
413,A,B,r3,r9,r2,r5,r3,r9,r2,r7,r1,r4,r9,r2,r9,r9,r4,0.5,0,1,0,0,0,0.5,0,1,1,0,0,0,0,0
414,A,B,r2,r0,r6,r2,r2,r1,r0,r4,r1,r7,r0,r9,r9,r1,r1,1,0,0,0,1,1,0,0,1,0,0,0,0,1,1
415,A,B,r2,r9,r2,r5,r2,r1,r1,r6,r1,r4,r9,r9,r1,r1,r1,1,0,1,0,1,1,1,1,1,1,0,0,1,1,1
416,A,B,r2,r9,r1,r5,r2,r1,r9,r6,r1,r4,r1,r1,r2,r9,r2,1,0,0,0,1,1,0,1,1,1,1,1,1,0,0
417,A,B,r9,r9,r2,r6,r2,r1,r2,r1,r6,r4,r9,r1,r9,r1,r1,0,0,1,0,1,1,0.5,0,0,1,0,1,0,1,1
418,A,B,r1,r1,r2,r3,r4,r1,r1,r4,r1,r7,r1,r2,r9,r1,r1,1,1,1,0,0,1,1,0,1,0,1,0,0,1,1
419,A,B,r2,r3,r2,r5,r4,r9,r0,r7,r1,r6,r9,r1,r2,r9,r2,1,0.5,1,0,0,0,0,0,1,0,0,1,1,0,0
420,A,B,r2,r9,r2,r4,r2,r1,r1,r4,r1,r7,r1,r1,r1,r1,r1,1,0,1,1,1,1,1,0,1,0,1,1,1,1,1
421,A,B,r3,r9,r2,r4,r2,r1,r1,r6,r1,r4,r1,r9,r1,r1,r4,0.5,0,1,1,1,1,1,1,1,1,1,0,1,1,0
422,A,B,r2,r3,r2,r4,r2,r1,r1,r6,r1,r4,r1,r1,r9,r1,r1,1,0.5,1,1,1,1,1,1,1,1,1,1,0,1,1
423,A,B,r2,r3,r2,r5,r2,r1,r2,r6,r1,r7,r9,r2,r1,r9,r1,1,0.5,1,0,1,1,0.5,1,1,0,0,0,1,0,1
424,A,B,r2,r9,r1,r4,r2,r9,r0,r3,r1,r4,r9,r9,r1,r3,r2,1,0,0,1,1,0,0,0,1,1,0,0,1,1,0
425,A,B,r2,r9,r2,r5,r2,r1,r1,r7,r1,r4,r1,r9,r1,r1,r3,1,0,1,0,1,1,1,0,1,1,1,0,1,1,0
426,A,B,r3,r3,r2,r5,r2,r1,r9,r2,r7,r6,r9,r9,r9,r9,r3,0.5,0.5,1,0,1,1,0,0,0,0,0,0,0,0,0
427,A,B,r3,r9,r2,r6,r1,r1,r9,r7,r1,r4,r1,r1,r9,r3,r1,0.5,0,1,0,0,1,0,0,1,1,1,1,0,1,1
428,A,B,r2,r3,r2,r5,r2,r1,r2,r6,r1,r4,r1,r9,r2,r9,r3,1,0.5,1,0,1,1,0.5,1,1,1,1,0,1,0,0
429,A,B,r2,r9,r2,r5,r2,r1,r1,r4,r6,r7,r1,r1,r9,r1,r4,1,0,1,0,1,1,1,0,0,0,1,1,0,1,0
430,A,B,r3,r3,r6,r3,r2,r1,r2,r6,r1,r4,r9,r2,r9,r1,r4,0.5,0.5,0,0,1,1,0.5,1,1,1,0,0,0,1,0
431,A,B,r3,r9,r2,r4,r2,r1,r2,r6,r1,r4,r9,r2,r2,r1,r4,0.5,0,1,1,1,1,0.5,1,1,1,0,0,1,1,0
432,A,B,r2,r3,r2,r6,r2,r9,r1,r2,r6,r4,r9,r2,r9,r1,r4,1,0.5,1,0,1,0,1,0,0,1,0,0,0,1,0
433,A,B,r3,r3,r2,r5,r2,r9,r2,r6,r1,r4,r1,r1,r9,r3,r1,0.5,0.5,1,0,1,0,0.5,1,1,1,1,1,0,1,1
434,A,A,r3,r9,r2,r4,r2,r9,r1,r6,r1,r4,r9,r1,r9,r1,r4,0.5,0,1,1,1,0,1,1,1,1,0,1,0,1,0
435,A,A,r3,r9,r2,r5,r2,r9,r2,r6,r4,r7,r1,r1,r9,r1,r2,0.5,0,1,0,1,0,0.5,1,0,0,1,1,0,1,0
436,A,A,r2,r9,r2,r6,r4,r1,r9,r3,r1,r4,r1,r9,r9,r3,r4,1,0,1,0,0,1,0,0,1,1,1,0,0,1,0
437,A,A,r2,r9,r2,r5,r2,r9,r1,r7,r6,r1,r9,r2,r1,r3,r4,1,0,1,0,1,0,1,0,0,0,0,0,1,1,0
438,A,A,r2,r3,r4,r6,r2,r1,r2,r2,r7,r4,r9,r9,r9,r1,r1,1,0.5,0,0,1,1,0.5,0,0,1,0,0,0,1,1
439,A,A,r2,r3,r2,r5,r2,r1,r2,r6,r7,r4,r9,r9,r0,r9,r1,1,0.5,1,0,1,1,0.5,1,0,1,0,0,0,0,1
440,A,A,r9,r9,r2,r4,r2,r1,r1,r6,r1,r4,r1,r1,r9,r9,r4,0,0,1,1,1,1,1,1,1,1,1,1,0,0,0
441,A,A,r9,r3,r2,r5,r1,r1,r2,r6,r7,r4,r9,r9,r9,r1,r1,0,0.5,1,0,0,1,0.5,1,0,1,0,0,0,1,1
442,A,A,r2,r3,r2,r4,r2,r1,r1,r6,r1,r7,r1,r1,r2,r1,r1,1,0.5,1,1,1,1,1,1,1,0,1,1,1,1,1
443,A,A,r9,r3,r2,r5,r2,r1,r0,r6,r1,r4,r9,r1,r9,r1,r3,0,0.5,1,0,1,1,0,1,1,1,0,1,0,1,0
444,A,A,r3,r9,r2,r4,r4,r9,r9,r6,r1,r4,r9,r1,r9,r3,r1,0.5,0,1,1,0,0,0,1,1,1,0,1,0,1,1
445,A,A,r0,r0,r1,r4,r2,r9,r0,r6,r7,r4,r0,r0,r0,r0,r2,0,0,0,1,1,0,0,1,0,1,0,0,0,0,0
446,A,A,r2,r9,r2,r5,r2,r9,r9,r6,r1,r4,r9,r1,r2,r1,r4,1,0,1,0,1,0,0,1,1,1,0,1,1,1,0
447,A,A,r2,r3,r2,r5,r2,r9,r2,r6,r1,r4,r1,r1,r9,r1,r4,1,0.5,1,0,1,0,0.5,1,1,1,1,1,0,1,0
448,A,A,r2,r3,r2,r5,r2,r1,r3,r6,r1,r4,r9,r9,r1,r1,r1,1,0.5,1,0,1,1,0.5,1,1,1,0,0,1,1,1
449,A,A,r9,r9,r2,r5,r2,r9,r2,r4,r1,r7,r1,r2,r0,r1,r3,0,0,1,0,1,0,0.5,0,1,0,1,0,0,1,0
450,A,A,r2,r9,r2,r5,r2,r1,r9,r6,r1,r4,r1,r1,r9,r9,r1,1,0,1,0,1,1,0,1,1,1,1,1,0,0,1
451,A,A,r1,r9,r4,r5,r2,r1,r2,r6,r1,r4,r9,r9,r9,r3,r2,1,0,0,0,1,1,0.5,1,1,1,0,0,0,1,0
452,A,A,r0,r0,r1,r5,r4,r1,r9,r4,r3,r7,r9,r1,r0,r0,r2,0,0,0,0,0,1,0,0,0,0,0,1,0,0,0
453,A,A,r2,r3,r2,r5,r2,r9,r2,r6,r3,r4,r9,r9,r9,r1,r4,1,0.5,1,0,1,0,0.5,1,0,1,0,0,0,1,0
454,A,A,r3,r9,r2,r4,r2,r9,r0,r1,r4,r7,r9,r9,r9,r0,r1,0.5,0,1,1,1,0,0,0,0,0,0,0,0,0,1
455,A,A,r2,r3,r2,r5,r2,r9,r2,r7,r1,r4,r9,r1,r9,r3,r4,1,0.5,1,0,1,0,0.5,0,1,1,0,1,0,1,0
456,A,A,r3,r9,r2,r6,r2,r1,r2,r1,r7,r4,r9,r2,r9,r1,r3,0.5,0,1,0,1,1,0.5,0,0,1,0,0,0,1,0
457,A,A,r3,r3,r4,r6,r2,r9,r9,r5,r1,r4,r9,r9,r9,r9,r3,0.5,0.5,0,0,1,0,0,0,1,1,0,0,0,0,0
458,A,A,r2,r3,r2,r5,r3,r1,r2,r6,r1,r7,r1,r9,r1,r9,r1,1,0.5,1,0,0,1,0.5,1,1,0,1,0,1,0,1
459,A,A,r2,r9,r2,r4,r2,r1,r2,r6,r7,r4,r1,r2,r0,r0,r0,1,0,1,1,1,1,0.5,1,0,1,1,0,0,0,0
460,A,A,r2,r3,r2,r5,r2,r1,r9,r6,r1,r4,r0,r0,r0,r0,r3,1,0.5,1,0,1,1,0,1,1,1,0,0,0,0,0
461,A,A,r3,r9,r2,r6,r2,r1,r0,r4,r1,r7,r9,r1,r0,r1,r4,0.5,0,1,0,1,1,0,0,1,0,0,1,0,1,0
462,A,A,r2,r9,r2,r5,r2,r1,r2,r7,r1,r4,r1,r1,r1,r9,r1,1,0,1,0,1,1,0.5,0,1,1,1,1,1,0,1
463,A,A,r9,r9,r2,r5,r2,r9,r1,r1,r6,r4,r1,r9,r1,r9,r1,0,0,1,0,1,0,1,0,0,1,1,0,1,0,1
464,A,A,r2,r9,r2,r5,r2,r9,r9,r2,r3,r1,r1,r1,r9,r9,r1,1,0,1,0,1,0,0,0,0,0,1,1,0,0,1
465,A,A,r3,r9,r1,r2,r3,r9,r0,r1,r6,r4,r9,r9,r1,r9,r2,0.5,0,0,0,0,0,0,0,0,1,0,0,1,0,0
466,A,A,r3,r9,r2,r4,r2,r9,r3,r6,r1,r4,r9,r2,r9,r9,r4,0.5,0,1,1,1,0,0.5,1,1,1,0,0,0,0,0
467,A,A,r3,r9,r2,r5,r4,r9,r2,r6,r1,r4,r9,r2,r9,r1,r2,0.5,0,1,0,0,0,0.5,1,1,1,0,0,0,1,0
468,A,A,r3,r9,r4,r5,r2,r9,r0,r1,r6,r7,r1,r1,r0,r1,r4,0.5,0,0,0,1,0,0,0,0,0,1,1,0,1,0
469,A,A,r2,r3,r2,r5,r2,r1,r2,r6,r1,r4,r9,r2,r9,r1,r3,1,0.5,1,0,1,1,0.5,1,1,1,0,0,0,1,0
470,A,A,r3,r9,r2,r6,r2,r1,r9,r1,r4,r7,r9,r9,r9,r9,r4,0.5,0,1,0,1,1,0,0,0,0,0,0,0,0,0
471,A,A,r9,r9,r4,r6,r2,r9,r9,r2,r3,r7,r9,r9,r9,r2,r1,0,0,0,0,1,0,0,0,0,0,0,0,0,1,1
472,A,A,r2,r3,r2,r4,r2,r1,r3,r6,r1,r7,r1,r1,r1,r1,r1,1,0.5,1,1,1,1,0.5,1,1,0,1,1,1,1,1
473,A,A,r2,r9,r2,r5,r4,r1,r2,r6,r1,r4,r1,r1,r1,r1,r1,1,0,1,0,0,1,0.5,1,1,1,1,1,1,1,1
474,A,A,r3,r3,r2,r6,r2,r9,r2,r7,r1,r4,r9,r2,r1,r1,r1,0.5,0.5,1,0,1,0,0.5,0,1,1,0,0,1,1,1
475,A,A,r2,r9,r2,r5,r2,r1,r0,r1,r4,r7,r9,r2,r0,r9,r3,1,0,1,0,1,1,0,0,0,0,0,0,0,0,0
476,A,A,r2,r9,r2,r5,r2,r1,r9,r6,r1,r4,r1,r1,r9,r9,r4,1,0,1,0,1,1,0,1,1,1,1,1,0,0,0
477,A,A,r3,r9,r2,r5,r2,r1,r0,r1,r7,r4,r9,r9,r9,r3,r4,0.5,0,1,0,1,1,0,0,0,1,0,0,0,1,0
478,A,A,r3,r9,r2,r5,r3,r9,r0,r1,r3,r6,r1,r9,r9,r1,r2,0.5,0,1,0,0,0,0,0,0,0,1,0,0,1,0
479,A,A,r0,r0,r2,r5,r3,r1,r9,r7,r3,r4,r9,r0,r9,r0,r4,0,0,1,0,0,1,0,0,0,1,0,0,0,0,0
480,A,A,r1,r1,r2,r5,r2,r1,r1,r1,r6,r4,r1,r9,r1,r9,r4,1,1,1,0,1,1,1,0,0,1,1,0,1,0,0
481,A,A,r2,r3,r2,r5,r3,r1,r0,r4,r1,r7,r1,r1,r0,r0,r1,1,0.5,1,0,0,1,0,0,1,0,1,1,0,0,1
482,A,A,r0,r9,r1,r5,r2,r1,r2,r6,r1,r4,r1,r9,r9,r1,r1,0,0,0,0,1,1,0.5,1,1,1,1,0,0,1,1
483,A,A,r2,r9,r2,r5,r2,r1,r2,r6,r1,r4,r9,r2,r9,r1,r1,1,0,1,0,1,1,0.5,1,1,1,0,0,0,1,1
484,A,A,r3,r9,r3,r5,r2,r1,r3,r6,r1,r4,r9,r1,r9,r9,r3,0.5,0,0,0,1,1,0.5,1,1,1,0,1,0,0,0
485,A,A,r2,r9,r2,r6,r1,r9,r9,r1,r6,r7,r9,r9,r9,r1,r3,1,0,1,0,0,0,0,0,0,0,0,0,0,1,0
486,A,A,r2,r9,r3,r5,r3,r1,r2,r6,r1,r4,r9,r9,r9,r9,r4,1,0,0,0,0,1,0.5,1,1,1,0,0,0,0,0
487,A,A,r3,r3,r2,r5,r2,r9,r1,r4,r7,r1,r1,r1,r9,r1,r4,0.5,0.5,1,0,1,0,1,0,0,0,1,1,0,1,0
488,A,A,r3,r3,r2,r6,r2,r1,r2,r6,r4,r7,r1,r2,r9,r1,r1,0.5,0.5,1,0,1,1,0.5,1,0,0,1,0,0,1,1
489,A,A,r2,r9,r2,r5,r3,r1,r1,r3,r7,r4,r1,r2,r9,r1,r2,1,0,1,0,0,1,1,0,0,1,1,0,0,1,0
490,A,A,r3,r9,r2,r5,r4,r1,r2,r1,r6,r7,r9,r2,r9,r9,r4,0.5,0,1,0,0,1,0.5,0,0,0,0,0,0,0,0
491,A,A,r3,r9,r3,r6,r2,r9,r9,r2,r7,r1,r9,r9,r9,r1,r3,0.5,0,0,0,1,0,0,0,0,0,0,0,0,1,0
492,A,A,r2,r3,r2,r5,r2,r1,r3,r6,r1,r4,r1,r1,r2,r1,r1,1,0.5,1,0,1,1,0.5,1,1,1,1,1,1,1,1
493,A,A,r2,r3,r2,r5,r4,r1,r0,r6,r1,r4,r9,r9,r9,r1,r1,1,0.5,1,0,0,1,0,1,1,1,0,0,0,1,1
